{"seed": 0, "_timestamp": 1708854934.655678, "_runtime": 0.7176010608673096, "_step": 0, "_wandb": {"runtime": 0}}