{"seed": 999, "_timestamp": 1708774035.39725, "_runtime": 10.760840892791748, "_step": 49, "Diff LL-LL-rounded": -443.4779586070408, "Comparison": 755.9445858578324, "Hamming Distance": 4, "Time elapsed (s)": 0.5646779537200928, "_wandb": {"runtime": 9}}