{"ll-score": -8551.65508891255, "_timestamp": 1701338690.414091, "_runtime": 5.68369722366333, "_step": 105, "curr_score": -3190.843832773163, "Current Score - Real Score": 363.63491044349166, "Hamming Distance": 124, "best_score": -3190.843832773163, "Best Score - Real Score": 363.63491044349166, "Time elapsed (s)": 4.86712908744812, "_wandb": {"runtime": 4}}