{"Comparison": -0.9619212752749142, "_timestamp": 1706863962.0774558, "_runtime": 8.757285833358765, "_step": 5, "Hamming Distance": 22, "num_e": 14, "_wandb": {"runtime": 13}}