{"seed": 0, "_timestamp": 1708782405.642095, "_runtime": 1.684493064880371, "_step": 0, "_wandb": {"runtime": 64}}