{"seed": 999, "_timestamp": 1708783313.587003, "_runtime": 14.160367012023926, "_step": 49, "Diff LL-LL-rounded": 181.98408531812964, "Comparison": 390.5652133392459, "Hamming Distance": 29, "Time elapsed (s)": 1.0322189331054688, "_wandb": {"runtime": 12}}