{"Time elapsed (s)": 0.5324831008911133, "_timestamp": 1702041947.814742, "_runtime": 1.3153669834136963, "_step": 0, "_wandb": {"runtime": 3}}