{"seed": 999, "_timestamp": 1708782398.513292, "_runtime": 132.60588812828064, "_step": 49, "Diff LL-LL-rounded": 99425.6735079528, "Comparison": 121406.00293116334, "Hamming Distance": 197, "Time elapsed (s)": 10.69080924987793, "_wandb": {"runtime": 131}}