{"Time elapsed (s)": 0.5376880168914795, "_timestamp": 1702041893.839236, "_runtime": 1.2064061164855957, "_step": 0, "_wandb": {"runtime": 3}}