{"seed": 999, "_timestamp": 1708782127.558979, "_runtime": 12.416412115097046, "_step": 49, "Diff LL-LL-rounded": 7980.736506140065, "Comparison": 13852.664452705556, "Hamming Distance": 24, "Time elapsed (s)": 0.5092980861663818, "_wandb": {"runtime": 10}}