{"ll-score": -5374.443426689821, "_timestamp": 1701334462.834403, "_runtime": 230.5021071434021, "_step": 988, "curr_score": -3229.821330011348, "Current Score - Real Score": 402.6124076816768, "_wandb": {"runtime": 229}}