{"seed": 999, "_timestamp": 1708854511.9866629, "_runtime": 26.74363374710083, "_step": 45, "Diff LL-LL-rounded": 247.84677733782905, "Comparison": 688.0108188898921, "Hamming Distance": 56, "Time elapsed (s)": 2.570988893508911, "_wandb": {"runtime": 26}}