{"seed": 999, "_timestamp": 1708781455.914073, "_runtime": 13.514388084411621, "_step": 49, "Diff LL-LL-rounded": 416.16393088712175, "Comparison": 4000.3132633491487, "Hamming Distance": 11, "Time elapsed (s)": 0.6439640522003174, "_wandb": {"runtime": 11}}