{"seed": 999, "_timestamp": 1708781311.6707299, "_runtime": 3.842651844024658, "_step": 49, "Diff LL-LL-rounded": 36.15219928619172, "Comparison": 3876.773865648488, "Hamming Distance": 11, "Time elapsed (s)": 0.08988499641418457, "_wandb": {"runtime": 3}}