{"seed": 999, "_timestamp": 1708854553.387232, "_runtime": 20.704252004623413, "_step": 49, "Diff LL-LL-rounded": 82.1805330482324, "Comparison": 455.8523828807166, "Hamming Distance": 46, "Time elapsed (s)": 1.4550542831420898, "_wandb": {"runtime": 18}}