{"seed": 999, "_timestamp": 1708782973.3472729, "_runtime": 5.628766775131226, "_step": 49, "Diff LL-LL-rounded": 78.69264961274283, "Comparison": 171.97558937363988, "Hamming Distance": 14, "Time elapsed (s)": 0.18364858627319336, "_wandb": {"runtime": 4}}