{"Time elapsed (s)": 654.0922248363495, "_timestamp": 1701435365.81207, "_runtime": 654.7683629989624, "_step": 0, "_wandb": {"runtime": 655}}