{"seed": 999, "_timestamp": 1708854629.465225, "_runtime": 8.966012954711914, "_step": 49, "Diff LL-LL-rounded": 140.92078631729663, "Comparison": 399.52162484785873, "Hamming Distance": 29, "Time elapsed (s)": 0.49890899658203125, "_wandb": {"runtime": 7}}