{"seed": 999, "_timestamp": 1708773829.3073988, "_runtime": 74.36716175079346, "_step": 49, "Diff LL-LL-rounded": -550.6624388199161, "Comparison": 4843.116957766246, "Hamming Distance": 29, "Time elapsed (s)": 4.326003074645996, "_wandb": {"runtime": 72}}