{"seed": 999, "_timestamp": 1708783736.347338, "_runtime": 45.796741008758545, "_step": 49, "Diff LL-LL-rounded": 116.35480472926884, "Comparison": 472.7083046659154, "Hamming Distance": 59, "Time elapsed (s)": 2.305108070373535, "_wandb": {"runtime": 44}}