{"seed": 999, "_timestamp": 1708783660.831464, "_runtime": 5.772135019302368, "_step": 49, "Diff LL-LL-rounded": 36.92153035295047, "Comparison": 118.53574085588127, "Hamming Distance": 9, "Time elapsed (s)": 0.2630312442779541, "_wandb": {"runtime": 4}}