{"seed": 999, "_timestamp": 1708854960.265703, "_runtime": 2.0983219146728516, "_step": 49, "Diff LL-LL-rounded": 34.4821305845644, "Comparison": 168.34371451944267, "Hamming Distance": 14, "Time elapsed (s)": 0.07870101928710938, "_wandb": {"runtime": 1}}