{"seed": 999, "_timestamp": 1708783643.627716, "_runtime": 9.30423903465271, "_step": 49, "Diff LL-LL-rounded": 2.6435134090291967, "Comparison": 63.45840168966845, "Hamming Distance": 5, "Time elapsed (s)": 0.7887020111083984, "_wandb": {"runtime": 7}}