{"seed": 999, "_timestamp": 1708854575.22489, "_runtime": 5.689851999282837, "_step": 49, "Diff LL-LL-rounded": 37.109389039293376, "Comparison": 278.8528736965803, "Hamming Distance": 28, "Time elapsed (s)": 0.28031396865844727, "_wandb": {"runtime": 3}}