{"Comparison": 185.46813036650127, "_timestamp": 1709164886.482214, "_runtime": 8689.381666898727, "_step": 1507, "Hamming Distance": 10.0, "num_e": 389, "Time elapsed (s)": 1.5528785467147828, "_wandb": {"runtime": 8689}}