{"seed": 999, "_timestamp": 1708783587.55706, "_runtime": 9.162785053253174, "_step": 49, "Diff LL-LL-rounded": 26.584515820970495, "Comparison": 98.19384759848668, "Hamming Distance": 8, "Time elapsed (s)": 0.7803189754486084, "_wandb": {"runtime": 7}}