{"seed": 999, "_timestamp": 1708781407.314353, "_runtime": 20.77228808403015, "_step": 49, "Diff LL-LL-rounded": 265.65978788229404, "Comparison": 6537.281107026878, "Hamming Distance": 25, "Time elapsed (s)": 0.8347830772399902, "_wandb": {"runtime": 19}}