{"seed": 999, "_timestamp": 1708774020.416574, "_runtime": 11.659149885177612, "_step": 49, "Diff LL-LL-rounded": 597.6250686949807, "Comparison": 2872.7111006538753, "Hamming Distance": 11, "Time elapsed (s)": 0.3942852020263672, "_wandb": {"runtime": 9}}