{"seed": 999, "_timestamp": 1708773872.259725, "_runtime": 19.506754159927368, "_step": 49, "Diff LL-LL-rounded": 33.57163169708656, "Comparison": 4656.446695458115, "Hamming Distance": 10, "Time elapsed (s)": 1.4449362754821777, "_wandb": {"runtime": 17}}