{"seed": 99, "_timestamp": 1708773682.468909, "_runtime": 49.25963592529297, "_step": 25, "Diff LL-LL-rounded": -507.89938729302594, "Comparison": 5235.195527517377, "Hamming Distance": 30, "Time elapsed (s)": 9.99021315574646, "_wandb": {"runtime": 53}}