{"perm_order_counter": 195, "_timestamp": 1701095393.92126, "_runtime": 43.31345820426941, "_step": 800, "Time elapsed": 42.05006647109985, "_wandb": {"runtime": 42}}