{"seed": 3, "_timestamp": 1708782025.0638258, "_runtime": 1.8148539066314697, "_step": 15, "Diff LL-LL-rounded": 3029.702281738657, "Comparison": 7670.980802097212, "Hamming Distance": 13, "Time elapsed (s)": 0.11856222152709961, "_wandb": {"runtime": 1}}