{"seed": 999, "_timestamp": 1708782738.735202, "_runtime": 4.123485088348389, "_step": 49, "Diff LL-LL-rounded": 2410.409162933958, "Comparison": 7214.232095888805, "Hamming Distance": 13, "Time elapsed (s)": 0.06807994842529297, "_wandb": {"runtime": 3}}