{"Diff LL-LL-rounded": 56.221474249514586, "_timestamp": 1709118993.98903, "_runtime": 318.0833239555359, "_step": 364, "_wandb": {"runtime": 316}}