{"seed": 99, "_timestamp": 1708783810.0549362, "_runtime": 64.60494923591614, "_step": 25, "Diff LL-LL-rounded": 173.70470883679218, "Comparison": 779.0497644495531, "Hamming Distance": 143, "Time elapsed (s)": 13.199581146240234, "_wandb": {"runtime": 77}}