{"seed": 999, "_timestamp": 1708783672.304341, "_runtime": 5.539895057678223, "_step": 49, "Diff LL-LL-rounded": -6.976721003539794, "Comparison": 8.63283620672162, "Hamming Distance": 1, "Time elapsed (s)": 0.2363910675048828, "_wandb": {"runtime": 3}}