{"perm_order_counter": 195, "_timestamp": 1701095538.5994298, "_runtime": 57.368475914001465, "_step": 800, "Time elapsed": 56.246809005737305, "_wandb": {"runtime": 56}}