{"seed": 999, "_timestamp": 1708783293.339259, "_runtime": 72.4757149219513, "_step": 49, "Diff LL-LL-rounded": 525.9942849621202, "Comparison": 663.729200148567, "Hamming Distance": 51, "Time elapsed (s)": 1.1903350353240967, "_wandb": {"runtime": 70}}