{"Diff LL-LL-rounded": 1.4081514133578388, "_timestamp": 1708979302.9064782, "_runtime": 1.6512062549591064, "_step": 4, "Comparison": 4.101355309375975, "Hamming Distance": 24, "num_e": 13, "Time elapsed (s)": 0.8053717613220215, "_wandb": {"runtime": 0}}