{"seed": 0, "_timestamp": 1708786522.478053, "_runtime": 0.7552461624145508, "_step": 0, "_wandb": {"runtime": 0}}