{"seed": 999, "_timestamp": 1708854593.117503, "_runtime": 11.74810004234314, "_step": 49, "Diff LL-LL-rounded": 115.6308570706841, "Comparison": 440.52775784952047, "Hamming Distance": 32, "Time elapsed (s)": 0.7261440753936768, "_wandb": {"runtime": 10}}