{"seed": 999, "_timestamp": 1708782042.91148, "_runtime": 4.248476982116699, "_step": 49, "Diff LL-LL-rounded": 2410.409162933958, "Comparison": 7214.232095888805, "Hamming Distance": 13, "Time elapsed (s)": 0.05085587501525879, "_wandb": {"runtime": 3}}