{"seed": 999, "_timestamp": 1708781381.881591, "_runtime": 9.337884187698364, "_step": 49, "Diff LL-LL-rounded": 179.34194253443547, "Comparison": 2748.2222376147665, "Hamming Distance": 8, "Time elapsed (s)": 0.29950904846191406, "_wandb": {"runtime": 7}}