{"seed": 999, "_timestamp": 1708854724.935082, "_runtime": 61.57053303718567, "_step": 49, "Diff LL-LL-rounded": 366.92829757167306, "Comparison": 1077.8870087694156, "Hamming Distance": 83, "Time elapsed (s)": 5.400730133056641, "_wandb": {"runtime": 59}}