{"seed": 999, "_timestamp": 1708782197.844723, "_runtime": 33.05588507652283, "_step": 49, "Diff LL-LL-rounded": 42862.065825882324, "Comparison": 47479.08544629511, "Hamming Distance": 75, "Time elapsed (s)": 0.9521088600158691, "_wandb": {"runtime": 31}}