{"Time elapsed (s)": 6.406641244888306, "_timestamp": 1702627306.840866, "_runtime": 6.9378931522369385, "_step": 0, "_wandb": {"runtime": 6}}