{"seed": 100, "_timestamp": 1708782915.073249, "_runtime": 14.617269039154053, "_step": 30, "Diff LL-LL-rounded": 3621.7058615173764, "Comparison": 5013.802185935424, "Hamming Distance": 84, "Time elapsed (s)": 1.9518048763275146, "_wandb": {"runtime": 17}}