{"seed": 42, "_timestamp": 1708977427.304835, "_runtime": 1.5936570167541504, "_step": 4, "Diff LL-LL-rounded": 43.81095157559747, "Comparison": 195.7161820757995, "Hamming Distance": 20, "Time elapsed (s)": 0.4759399890899658, "_wandb": {"runtime": 0}}