{"seed": 999, "_timestamp": 1708782260.0333471, "_runtime": 5.715381145477295, "_step": 49, "Diff LL-LL-rounded": 8424.950723542453, "Comparison": 11203.279923833856, "Hamming Distance": 19, "Time elapsed (s)": 0.1945788860321045, "_wandb": {"runtime": 4}}