{"Diff LL-LL-rounded": -22.901479454945616, "_timestamp": 1709122388.954871, "_runtime": 3306.0596318244934, "_step": 5277, "Comparison": [-5.075490842052288, 2.9370439232146595, 4.781170206021339, 8.849990069715519, 3.965028441137535, 3.6364678419594965, 9.600989804754576, 4.295385279110054, 7.4697440790915, 19.61197596957005, 0.08043138427538069, 7.022939862482431, 12.189104237376567, 27.86511636072937, 14.366962189715954, 14.656748326329307, 13.429410540002056, 13.420804825717184, 19.171333161482245, 19.54506299153386, 36.12423198327809, 5.226062859547413, 10.198470041332405, 17.64135920983, 11.153627750828608, 4.846274644270198, 14.521081658734753, 23.85469997574895, 24.83149100140209, 18.752428077391507, 13.338736149148463, 61.872091539627625, 48.08163681339812, 18.043696968668062, 32.0436750156469, 21.466979933786707, 33.5770545445276, 26.534406349843685, 39.60670277096133, 24.737897390911762, 36.944738636098755, 40.77191748269745, 27.434631819085702, 40.621809991589906, 20.508621551792523, 29.923524291071363, 25.60822082354151, 83.37637110029429, 49.84833686589256, 82.34234015175073, 40.54219763255308, 56.51882966842679, 53.38801636055054, 36.34175569556151, 29.372448858552087, 34.13378038448998, 15.468987577516387, 57.85164097387282, 41.32951787816961, 28.49021337774901, 35.98490107605376, 65.03851754175962, 20.561582543830912, 30.713196604165724, 64.88513710442811, 70.382061884723, 42.37057122943899, 78.1679905683505, 30.136188615980377, 57.46945895211525, 48.03244701895254, 22.921870966357922, 67.06411956495796, 48.6559501526514, 94.93726080190032, 86.76881137100084, 92.53988020869183, 49.14222733929662, 54.05837515249992, 76.32316251847068, 86.29080423072264, 60.56573791022039, 106.80508325005444, 102.78976332122156, 133.6081613158574, 110.21960309929288, 58.558978511631494, 103.70649184364792, 99.91624376415943, 81.08793632302388, 94.3885621640978, 112.03966020521985, 123.12939722490437, 86.00284093245969, 90.78879627862548, 62.75174248846328, 71.48882002698646, 64.74531608230077, 92.38760855337887, 63.65546136086683, 65.20375564293761, 68.68759405758783, 47.19396964269514, 131.20218238674656, 77.70810352916173, 106.26528029978063, 123.01356469222235, 115.37612500284767, 119.90624566751565, 133.385657137304, 90.53089827318732, 114.19820200495454, 135.72565758842376, 112.30993366712497, 87.6716279249159, 75.72370165801115, 65.56762746282267, 60.578523893968466, 67.70708507660981, 64.11632439920098, 84.08287659323248, 101.92703767331989, 88.46048828180876, 101.59297620950478, 132.43809084109046, 49.920159867072414, 88.63627373214736, 85.96442453172044, 69.72075846554765, 80.28094334103194, 91.93208786599698, 75.58557187232924, 112.66503882248306, 108.77950732165445, 89.80606791078814, 93.22757101863641, 72.50139754680208, 79.26535010503167, 102.35142728903529, 71.60971445866927, 66.77047259373107, 64.75970160390871, 72.14952055241409, 103.31691062500302, 88.22777496178995, 98.38414250552437, 65.4390094731434, 78.66009814531444, 66.55361231214052, 73.38352659495692, 102.43652141995658, 114.88939503431511, 76.94439601187943, 66.75847942081396, 86.92696805803719, 63.81334937875954, 159.39871376487858, 118.704451878285, 140.9072461975878, 56.27707699277463, 83.73763096678393, 77.25519308231483, 107.58043860779517, 74.50183474492472, 50.49055686888967, 138.27770822720464, 94.54550916746997, 91.1028504622795, 117.11985633863333, 106.65851035818044, 113.502535211402, 95.87014460841223, 87.95483223493378, 123.14703198504155, 56.91326268786249, 113.71589235397798, 92.15131198516961, 76.91610747611242, 89.07141459855458, 104.13940090803689, 135.52711380774613, 113.13978146795321, 92.98201892586862, 86.3709963807532, 130.73099199815454, 79.53238135380757, 77.94775283580077, 87.08552998070473, 115.58467784412501, 92.2791777434182, 129.5742463996683, 87.09630580073522, 98.83238149491831, 118.59326686437575, 67.33783744301465, 154.7105866273072, 147.04052882466874, 105.67225416781403, 90.75448138907163, 105.65430191679816, 85.83772246964031, 67.34980761762979, 118.20205619415522, 88.13621961371055, 91.26459854222868, 84.2158499847661, 131.84037819374385, 102.83158681735544, 115.393441838066, 114.71128091579757, 67.70261292987892, 53.59653092997105, 76.01842009954686, 135.61673637729456, 137.60193742454686, 101.19057071221073, 110.28713008425339, 142.90364211378093, 138.2373504190103, 120.4268636407106, 125.40199301478029, 128.73269659456105, 130.550115124489, 130.85362575209274, 130.920783657249, 153.9684954214295, 146.23044058112694, 126.83759843036903, 137.11325296008275, 123.65672064571035, 116.66101435347166, 125.07683941849871, 128.22612815236602, 109.71326492792794, 143.00167282011432, 124.05415728289412, 140.8714363177839, 141.70966881446154, 162.490330281324, 116.94471898364941, 135.01445334126214, 136.06973538436725, 137.24314934965523, 129.45394227957445, 129.00620413390612, 102.30914840893342, 118.15795367286827, 104.93284334268284, 107.99056240060744, 118.63622184679181, 127.81448644883604, 108.70120484827537, 113.97050536826335, 110.34330922470876, 109.68096377662494, 139.98270704934743, 142.643992211078, 142.02627590132994, 117.08733616901938, 105.53484545004252, 120.64554017831799, 118.05996189698718, 94.42121267047057, 131.55222665780312, 144.19374589059058, 113.16753307566519, 156.4668935845653, 140.8155389341689, 148.62131879458542, 136.9865795169738, 135.69808058204998, 138.37562195055403, 135.18688525190777, 148.09057228641615, 69.04249654312784, 152.10192411632687, 158.87709946486018, 134.04157107180868, 162.74679786657032, 133.15583475040512, 106.10614758495024, 122.79192798380032, 156.15271232668607, 149.43982112883103, 127.98515571633175, 125.55064096798628, 124.79837346458912, 154.9362632568868, 137.75167078181127, 140.51783355130368, 145.98873269898485, 165.63391311327035, 151.6602978512006, 126.71222519695678, 146.6509718954307, 157.2480320039544, 112.85458342952047, 149.31759527329945, 133.43846682576486, 142.7885655861854, 156.04739104109305, 149.83140440903927, 147.05648155992063, 153.7423774999134, 160.10965389029744, 149.2108983884848, 159.4411377673309, 184.9233053340043, 161.39188329721023, 158.37021159182427, 145.4515213421158, 151.25906409419244, 224.19882757995046, 163.95488251583106, 170.66541028223597, 170.73158715140164, 152.74043108365976, 160.57534737511045, 170.31148344087057, 159.4319514082803, 184.60397586402982, 173.8892370856287, 166.83483120573175, 138.39741512441577, 153.3568296950825, 191.25188679989364, 190.03131225112685, 215.6858943904017, 170.82762653255264, 195.29207013621468, 180.0258753492193, 155.39866703636122, 172.69210995843446, 162.68613305451572, 181.31191480986666, 194.39179784354002, 177.55897385304803, 182.24175254558662, 180.57603121196257, 175.941239671571, 182.3201033739956, 199.60768648747998, 158.68043576802114, 203.90538707440905, 171.69047228732114, 170.94993596737623, 188.56883742391545, 159.8027207364891, 187.42501211426693, 179.12221537138953, 188.52030017482105, 184.21735179516392, 194.63138406834526, 160.97106474036187, 183.07785747997826, 173.71715236386078, 174.9645416043523, 170.94557812737892, 222.2669823113193, 184.98959511863092, 229.46038873836045, 166.41237450346247, 173.06190084910025, 208.26009092855156, 306.916297762122, 185.63019086935648, 195.5589867810349, 228.47280646898108, 163.17349543581608, 215.0570015980298, 187.33546476800106, 195.88491211457648, 185.9203120922611, 212.40544427351756, 148.83575808642473, 194.0640586114549, 185.82370514103536],