{"ll-score": -3190.843832773163, "_timestamp": 1701338636.0745971, "_runtime": 2.4568521976470947, "_step": 2, "curr_score": -3190.843832773163, "Current Score - Real Score": 363.63491044349166, "_wandb": {"runtime": 1}}