{"seed": 999, "_timestamp": 1708781353.261285, "_runtime": 36.53259801864624, "_step": 49, "Diff LL-LL-rounded": 301.2226298096648, "Comparison": 7086.224999662709, "Hamming Distance": 38, "Time elapsed (s)": 0.692145824432373, "_wandb": {"runtime": 34}}