{"seed": 999, "_timestamp": 1708854614.079597, "_runtime": 11.492731094360352, "_step": 49, "Diff LL-LL-rounded": 75.0897048946855, "Comparison": 212.82462008113225, "Hamming Distance": 21, "Time elapsed (s)": 0.6765902042388916, "_wandb": {"runtime": 9}}