{"ll-score": -3556.494143046432, "_timestamp": 1701354781.140148, "_runtime": 35.65574097633362, "_step": 33, "curr_score": -3205.483098285227, "Current Score - Real Score": 378.2741759555556, "Hamming Distance": 122, "best_score": -3205.483098285227, "Best Score - Real Score": 378.2741759555556, "_wandb": {"runtime": 36}}