{"perm_order_counter": 196, "_timestamp": 1701096855.8570395, "_runtime": 141.24997639656067, "_step": 1600, "ll-score": -8033.556630735032, "Time elapsed (s)": 140.0846266746521, "_wandb": {"runtime": 140}}