{"seed": 999, "_timestamp": 1708782110.078196, "_runtime": 10.600499153137207, "_step": 49, "Diff LL-LL-rounded": 7756.954696487788, "Comparison": 11716.472395878294, "Hamming Distance": 20, "Time elapsed (s)": 0.532365083694458, "_wandb": {"runtime": 9}}