{"seed": 999, "_timestamp": 1708783361.6662998, "_runtime": 4.154315710067749, "_step": 49, "Diff LL-LL-rounded": -15.67055878965732, "Comparison": 52.89033635752766, "Hamming Distance": 5, "Time elapsed (s)": 0.14001917839050293, "_wandb": {"runtime": 2}}