{"Diff LL-LL-rounded": -22.901479454945616, "_timestamp": 1709155075.0259461, "_runtime": 4089.141363143921, "_step": 5277, "Comparison": 185.53694560528598, "Hamming Distance": 10.0, "num_e": 389, "Time elapsed (s)": 0.4500994920730591, "_wandb": {"runtime": 4088}}