{"seed": 999, "_timestamp": 1708783684.635112, "_runtime": 6.181825160980225, "_step": 49, "Diff LL-LL-rounded": -1.0650256315832394, "Comparison": 27.541124306201752, "Hamming Distance": 2, "Time elapsed (s)": 0.15967893600463867, "_wandb": {"runtime": 2}}