{"Time elapsed (s)": 0.3499941825866699, "_timestamp": 1702041663.9994938, "_runtime": 1.1302528381347656, "_step": 0, "_wandb": {"runtime": 4}}