{"Diff LL-LL-rounded": -14.590929997689955, "_timestamp": 1708772751.507713, "_runtime": 377.71361899375916, "_step": 1507, "Comparison": 186.9940803724926, "Hamming Distance": 10, "num_e": 389, "_wandb": {"runtime": 377}}