{"ll-score": -4242.154774496638, "_timestamp": 1701342129.8519812, "_runtime": 2972.636595249176, "_step": 2010, "curr_score": -3205.483098285227, "Current Score - Real Score": 378.2741759555556, "Hamming Distance": 122, "best_score": -3205.483098285227, "Best Score - Real Score": 378.2741759555556, "Time elapsed (s)": 2972.0571999549866, "_wandb": {"runtime": 2973}}