{"Comparison": 807.9553621429745, "_timestamp": 1706723734.237462, "_runtime": 5742.981756925583, "_step": 1034, "Hamming Distance": 205, "num_e": 383, "_wandb": {"runtime": 5745}}