{"seed": 999, "_timestamp": 1708783394.666201, "_runtime": 2.7144861221313477, "_step": 49, "Diff LL-LL-rounded": 2.6329245732278537, "Comparison": 71.03592395883754, "Hamming Distance": 5, "Time elapsed (s)": 0.15444207191467285, "_wandb": {"runtime": 2}}