{"seed": 999, "_timestamp": 1708783215.6100779, "_runtime": 190.28582096099854, "_step": 49, "Diff LL-LL-rounded": 162.1494389647803, "Comparison": 398.8703814304661, "Hamming Distance": 47, "Time elapsed (s)": 1.5550799369812012, "_wandb": {"runtime": 188}}