{"seed": 3, "_timestamp": 1708855315.198588, "_runtime": 1.343106985092163, "_step": 15, "Diff LL-LL-rounded": 65.4523648539797, "Comparison": 260.3942452145264, "Hamming Distance": 9, "Time elapsed (s)": 0.06536293029785156, "_wandb": {"runtime": 0}}