{"seed": 42, "_timestamp": 1708854876.805184, "_runtime": 145.99707078933716, "_step": 20, "Diff LL-LL-rounded": 374.01907099654, "Comparison": 1624.9688726926001, "Hamming Distance": 144, "Time elapsed (s)": 37.012213945388794, "_wandb": {"runtime": 181}}