{"seed": 999, "_timestamp": 1708774003.754236, "_runtime": 18.94939398765564, "_step": 49, "Diff LL-LL-rounded": -631.7934003459195, "Comparison": 1606.9921411725509, "Hamming Distance": 6, "Time elapsed (s)": 1.3003809452056885, "_wandb": {"runtime": 17}}