{"seed": 999, "_timestamp": 1708854563.129097, "_runtime": 4.589228868484497, "_step": 49, "Diff LL-LL-rounded": 26.094327307245408, "Comparison": 133.7816325660611, "Hamming Distance": 12, "Time elapsed (s)": 0.12496304512023926, "_wandb": {"runtime": 2}}