{"seed": 999, "_timestamp": 1708773979.90376, "_runtime": 49.17601799964905, "_step": 49, "Diff LL-LL-rounded": 2334.241481689498, "Comparison": 6951.261102102282, "Hamming Distance": 25, "Time elapsed (s)": 2.595188856124878, "_wandb": {"runtime": 47}}