{"perm_order_counter": 195, "_timestamp": 1701096535.5133646, "_runtime": 50.801796436309814, "_step": 1600, "ll-score": -11011.147921609796, "Time elapsed (s)": 49.67068600654602, "_wandb": {"runtime": 49}}