{"seed": 999, "_timestamp": 1708783427.466066, "_runtime": 26.727051973342896, "_step": 49, "Diff LL-LL-rounded": 44.578697260086074, "Comparison": 211.9786294576752, "Hamming Distance": 40, "Time elapsed (s)": 2.573514938354492, "_wandb": {"runtime": 25}}