{"seed": 999, "_timestamp": 1708854658.747392, "_runtime": 3.1344308853149414, "_step": 49, "Diff LL-LL-rounded": 38.02725867899045, "Comparison": 141.74932464040722, "Hamming Distance": 8, "Time elapsed (s)": 0.06737565994262695, "_wandb": {"runtime": 1}}