{"seed": 999, "_timestamp": 1708782932.043181, "_runtime": 2.679600954055786, "_step": 49, "Diff LL-LL-rounded": 27.571447094981067, "Comparison": 118.62439801399648, "Hamming Distance": 9, "Time elapsed (s)": 0.12242889404296875, "_wandb": {"runtime": 1}}