{"seed": 999, "_timestamp": 1708782962.9462678, "_runtime": 24.80868673324585, "_step": 49, "Diff LL-LL-rounded": 308.32405640498826, "Comparison": 681.9959062374725, "Hamming Distance": 67, "Time elapsed (s)": 2.3870530128479004, "_wandb": {"runtime": 23}}