{"Comparison": 55.686361586807465, "_timestamp": 1708768196.6962008, "_runtime": 61.21903586387634, "_step": 20, "Hamming Distance": 34, "num_e": 19, "_wandb": {"runtime": 63}}