{"seed": 999, "_timestamp": 1708783020.3444538, "_runtime": 40.967986822128296, "_step": 49, "Diff LL-LL-rounded": 124.88509794715452, "Comparison": 221.4249587523994, "Hamming Distance": 15, "Time elapsed (s)": 1.1707940101623535, "_wandb": {"runtime": 39}}