{"seed": 100, "_timestamp": 1708783436.478873, "_runtime": 4.087357044219971, "_step": 30, "Diff LL-LL-rounded": 5.022273806098099, "Comparison": 27.544522704626587, "Hamming Distance": 5, "Time elapsed (s)": 0.24948406219482422, "_wandb": {"runtime": 2}}