{"seed": 999, "_timestamp": 1708773625.470832, "_runtime": 5.137591123580933, "_step": 49, "Diff LL-LL-rounded": -13.83649941126805, "Comparison": 4229.19116134235, "Hamming Distance": 8, "Time elapsed (s)": 0.2102217674255371, "_wandb": {"runtime": 4}}