{"Time elapsed (s)": 7.044151067733765, "_timestamp": 1702042513.4095721, "_runtime": 7.813799142837524, "_step": 0, "_wandb": {"runtime": 11}}