{"seed": 999, "_timestamp": 1708783326.892756, "_runtime": 7.811124086380005, "_step": 49, "Diff LL-LL-rounded": 383.71271416551605, "Comparison": 512.3329710098499, "Hamming Distance": 26, "Time elapsed (s)": 0.3647148609161377, "_wandb": {"runtime": 6}}