{"seed": 999, "_timestamp": 1708781367.219438, "_runtime": 8.570103168487549, "_step": 49, "Diff LL-LL-rounded": 19.304323379117704, "Comparison": 1196.1814641485053, "Hamming Distance": 4, "Time elapsed (s)": 0.11830806732177734, "_wandb": {"runtime": 6}}