{"seed": 999, "_timestamp": 1708783608.922406, "_runtime": 13.918017864227295, "_step": 49, "Diff LL-LL-rounded": 25.479705022798328, "Comparison": 145.72015105665395, "Hamming Distance": 23, "Time elapsed (s)": 0.9716930389404297, "_wandb": {"runtime": 12}}