{"Running LL": -943.4547057790286, "_timestamp": 1706735331.825619, "_runtime": 70.95188307762146, "_step": 450, "Comparison": 257.65858718369736, "Hamming Distance": 48, "Time elapsed (s)": 5.2120490074157715, "_wandb": {"runtime": 70}}