{"seed": 999, "_timestamp": 1708782894.487076, "_runtime": 2.799798011779785, "_step": 49, "Diff LL-LL-rounded": 4.6919860548791235, "Comparison": 196.26198588066075, "Hamming Distance": 12, "Time elapsed (s)": 0.18266510963439941, "_wandb": {"runtime": 2}}