{"seed": 999, "_timestamp": 1708783531.0078368, "_runtime": 2.7060647010803223, "_step": 49, "Diff LL-LL-rounded": 2.6329245732278537, "Comparison": 71.03592395883754, "Hamming Distance": 5, "Time elapsed (s)": 0.14440274238586426, "_wandb": {"runtime": 2}}