{"seed": 3, "_timestamp": 1708782761.287024, "_runtime": 17.79704713821411, "_step": 15, "Diff LL-LL-rounded": 32173.680409107186, "Comparison": 41991.144631878524, "Hamming Distance": 82, "Time elapsed (s)": 3.1632120609283447, "_wandb": {"runtime": 20}}