{"perm_order_counter": 195, "_timestamp": 1701095711.3304405, "_runtime": 83.85262441635132, "_step": 1600, "ll-score": -11011.147921609796, "Time elapsed": 82.6331102848053, "_wandb": {"runtime": 82}}