{"seed": 999, "_timestamp": 1708773848.012368, "_runtime": 13.037132024765015, "_step": 49, "Diff LL-LL-rounded": -570.5478710122325, "Comparison": 1952.621091691387, "Hamming Distance": 8, "Time elapsed (s)": 0.6632809638977051, "_wandb": {"runtime": 11}}