{"seed": 999, "_timestamp": 1708854528.0740921, "_runtime": 2.2863030433654785, "_step": 49, "Diff LL-LL-rounded": 34.4821305845644, "Comparison": 168.34371451944267, "Hamming Distance": 14, "Time elapsed (s)": 0.07256436347961426, "_wandb": {"runtime": 1}}