{"Diff LL-LL-rounded": 41.25775319218815, "_timestamp": 1708984460.1617339, "_runtime": 3539.2876448631287, "_step": 1884, "Comparison": 798.3937050046027, "Hamming Distance": 36, "num_e": 389, "Time elapsed (s)": 10.754927158355713, "_wandb": {"runtime": 3538}}