{"perm_order_counter": 0, "_timestamp": 1700820662.616647, "_runtime": 574.7520320415497, "_step": 438, "curr_score": -2979.8567186402042, "best_score": -2944.203283999218}