{"seed": 999, "_timestamp": 1708783561.810635, "_runtime": 24.775297164916992, "_step": 49, "Diff LL-LL-rounded": 44.578697260086074, "Comparison": 211.9786294576752, "Hamming Distance": 40, "Time elapsed (s)": 2.196887969970703, "_wandb": {"runtime": 23}}