{"seed": 999, "_timestamp": 1708773742.202572, "_runtime": 5.153634071350098, "_step": 49, "Diff LL-LL-rounded": -13.83649941126805, "Comparison": 4229.19116134235, "Hamming Distance": 8, "Time elapsed (s)": 0.21741390228271484, "_wandb": {"runtime": 4}}