{"seed": 999, "_timestamp": 1708781467.955862, "_runtime": 7.573318958282471, "_step": 49, "Diff LL-LL-rounded": 681.0084119806334, "Comparison": 2947.2284480492262, "Hamming Distance": 12, "Time elapsed (s)": 0.1757659912109375, "_wandb": {"runtime": 5}}