{"ll-score": -5699.037007465486, "_timestamp": 1701337703.842665, "_runtime": 866.3258118629456, "_step": 5002, "curr_score": -3229.821330011348, "Current Score - Real Score": 402.6124076816768, "Time elapsed (s)": 865.7113108634949, "_wandb": {"runtime": 865}}