{"seed": 999, "_timestamp": 1708783628.395682, "_runtime": 13.755364179611206, "_step": 49, "Diff LL-LL-rounded": -8.325827353649458, "Comparison": 51.834941472552885, "Hamming Distance": 7, "Time elapsed (s)": 0.9283430576324463, "_wandb": {"runtime": 12}}