{"seed": 999, "_timestamp": 1708782235.926163, "_runtime": 9.08939003944397, "_step": 49, "Diff LL-LL-rounded": 14058.414277774284, "Comparison": 18135.20342183321, "Hamming Distance": 30, "Time elapsed (s)": 0.27656984329223633, "_wandb": {"runtime": 7}}