{"Time elapsed (s)": 6.6286940574646, "_timestamp": 1702042034.217518, "_runtime": 7.332655191421509, "_step": 0, "_wandb": {"runtime": 9}}