{"Diff LL-LL-rounded": 37.247372189780435, "_timestamp": 1708771825.82974, "_runtime": 3531.2355909347534, "_step": 1507, "Comparison": 783.6255737737795, "Hamming Distance": 36, "num_e": 389, "_wandb": {"runtime": 3530}}