{"Time elapsed (s)": 6.716534852981567, "_timestamp": 1702627407.09396, "_runtime": 7.402599096298218, "_step": 0, "_wandb": {"runtime": 6}}