{"seed": 999, "_timestamp": 1708781482.349299, "_runtime": 8.076109886169434, "_step": 49, "Diff LL-LL-rounded": 50.16481906973422, "Comparison": 2835.8904538771662, "Hamming Distance": 12, "Time elapsed (s)": 0.18014192581176758, "_wandb": {"runtime": 6}}