{"seed": 999, "_timestamp": 1708782859.396371, "_runtime": 3.1353909969329834, "_step": 49, "Diff LL-LL-rounded": 250.1556878660125, "Comparison": 653.1757813912745, "Hamming Distance": 13, "Time elapsed (s)": 0.30341005325317383, "_wandb": {"runtime": 2}}