{"seed": 999, "_timestamp": 1708783572.514781, "_runtime": 5.827542066574097, "_step": 49, "Diff LL-LL-rounded": -3.5154459723236755, "Comparison": 25.78638932180752, "Hamming Distance": 5, "Time elapsed (s)": 0.2551238536834717, "_wandb": {"runtime": 4}}