{"Diff LL-LL-rounded": -19.156550618699953, "_timestamp": 1708980842.4114509, "_runtime": 418.03248381614685, "_step": 1884, "Comparison": 186.37537994428396, "Hamming Distance": 10, "num_e": 389, "Time elapsed (s)": 0.64699387550354, "_wandb": {"runtime": 416}}