{"Comparison": 373.20125400448137, "_timestamp": 1706735543.254385, "_runtime": 15.13608193397522, "_step": 32, "Hamming Distance": 64, "Time elapsed (s)": 5.072204113006592, "_wandb": {"runtime": 31}}