{"seed": 999, "_timestamp": 1708782220.661547, "_runtime": 17.686705827713013, "_step": 49, "Diff LL-LL-rounded": 17584.314480607005, "Comparison": 24789.764023678337, "Hamming Distance": 41, "Time elapsed (s)": 0.7534604072570801, "_wandb": {"runtime": 16}}