{"ll-score": -7942.949160989034, "_timestamp": 1701338789.30944, "_runtime": 66.21987795829773, "_step": 2005, "curr_score": -3190.843832773163, "Current Score - Real Score": 363.63491044349166, "Hamming Distance": 124, "best_score": -3190.843832773163, "Best Score - Real Score": 363.63491044349166, "Time elapsed (s)": 65.64733791351318, "_wandb": {"runtime": 65}}