{"seed": 999, "_timestamp": 1708782094.964698, "_runtime": 47.44548511505127, "_step": 49, "Diff LL-LL-rounded": 29873.281192294282, "Comparison": 40408.438717088335, "Hamming Distance": 82, "Time elapsed (s)": 2.1232309341430664, "_wandb": {"runtime": 45}}