{"seed": 0, "_timestamp": 1708781499.524854, "_runtime": 1.6997768878936768, "_step": 0, "_wandb": {"runtime": 5}}