{"seed": 999, "_timestamp": 1708773926.295028, "_runtime": 47.566317081451416, "_step": 49, "Diff LL-LL-rounded": 524.2086503319624, "Comparison": 3640.7970248524525, "Hamming Distance": 22, "Time elapsed (s)": 2.9148659706115723, "_wandb": {"runtime": 45}}