{"Diff LL-LL-rounded": 224.2219376497145, "_timestamp": 1709150923.5341282, "_runtime": 28514.83088827133, "_step": 2435, "_wandb": {"runtime": 28520}}