{"seed": 999, "_timestamp": 1708783351.175663, "_runtime": 18.447453022003174, "_step": 49, "Diff LL-LL-rounded": 29.074986718936003, "Comparison": 109.84647556677261, "Hamming Distance": 11, "Time elapsed (s)": 0.23969101905822754, "_wandb": {"runtime": 17}}