{"seed": 999, "_timestamp": 1708854650.301099, "_runtime": 4.401360988616943, "_step": 49, "Diff LL-LL-rounded": 8.209040784926657, "Comparison": 137.37762393385947, "Hamming Distance": 15, "Time elapsed (s)": 0.11518311500549316, "_wandb": {"runtime": 2}}