{"seed": 999, "_timestamp": 1708854477.7917771, "_runtime": 2.502350091934204, "_step": 49, "Diff LL-LL-rounded": 34.4821305845644, "Comparison": 168.34371451944267, "Hamming Distance": 14, "Time elapsed (s)": 0.09364604949951172, "_wandb": {"runtime": 1}}