{"seed": 99, "_timestamp": 1708774156.810796, "_runtime": 99.61108493804932, "_step": 25, "Diff LL-LL-rounded": 3090.453105282162, "Comparison": 15068.308575234805, "Hamming Distance": 91, "Time elapsed (s)": 13.973855257034302, "_wandb": {"runtime": 113}}