{"seed": 999, "_timestamp": 1708854982.443512, "_runtime": 2.7959179878234863, "_step": 49, "Diff LL-LL-rounded": 2.6329245732278537, "Comparison": 71.03592395883754, "Hamming Distance": 5, "Time elapsed (s)": 0.11963272094726562, "_wandb": {"runtime": 2}}