{"Diff LL-LL-rounded": -20.333255714885013, "_timestamp": 1708763411.239698, "_runtime": 345.4655649662018, "_step": 1507, "Comparison": 186.9940803724926, "Hamming Distance": 10, "num_e": 389, "_wandb": {"runtime": 344}}