{"seed": 999, "_timestamp": 1708782160.2761269, "_runtime": 27.39373278617859, "_step": 49, "Diff LL-LL-rounded": 34296.824765828045, "Comparison": 42706.0650041726, "Hamming Distance": 68, "Time elapsed (s)": 1.7026419639587402, "_wandb": {"runtime": 25}}