{"Time elapsed (s)": 0.5321002006530762, "_timestamp": 1702041974.918418, "_runtime": 1.267699956893921, "_step": 0, "_wandb": {"runtime": 4}}