{"seed": 999, "_timestamp": 1708782248.689044, "_runtime": 8.077322006225586, "_step": 49, "Diff LL-LL-rounded": 7213.333550051769, "Comparison": 11231.478902029576, "Hamming Distance": 19, "Time elapsed (s)": 0.1940748691558838, "_wandb": {"runtime": 6}}