{"Comparison": 186.9940803724926, "_timestamp": 1706865367.826089, "_runtime": 1373.1023108959198, "_step": 1130, "Hamming Distance": 10, "num_e": 389, "_wandb": {"runtime": 1372}}