{"seed": 999, "_timestamp": 1708774046.064807, "_runtime": 5.571429014205933, "_step": 49, "Diff LL-LL-rounded": -101.17445892555497, "Comparison": 641.9306936547114, "Hamming Distance": 3, "Time elapsed (s)": 0.17148613929748535, "_wandb": {"runtime": 3}}