{"Comparison": 46.29388038295008, "_timestamp": 1708768257.458258, "_runtime": 17.613516807556152, "_step": 5, "Hamming Distance": 45, "num_e": 14, "_wandb": {"runtime": 23}}