{"seed": 999, "_timestamp": 1708781492.480652, "_runtime": 4.5637171268463135, "_step": 49, "Diff LL-LL-rounded": 28.146637756423843, "Comparison": 1549.975452593268, "Hamming Distance": 5, "Time elapsed (s)": 0.11711788177490234, "_wandb": {"runtime": 2}}