{"Diff LL-LL-rounded": -9.045965055811962, "_timestamp": 1708979791.886981, "_runtime": 449.4724700450897, "_step": 1884, "Comparison": 185.94049012734752, "Hamming Distance": 10, "num_e": 389, "Time elapsed (s)": 1.2621219158172607, "_wandb": {"runtime": 448}}