{"seed": 999, "_timestamp": 1708854640.979317, "_runtime": 4.733662843704224, "_step": 49, "Diff LL-LL-rounded": 47.38034260736157, "Comparison": 176.00059945169534, "Hamming Distance": 14, "Time elapsed (s)": 0.1839148998260498, "_wandb": {"runtime": 3}}