{"ll-score": -3218.184319388135, "_timestamp": 1701419680.323228, "_runtime": 2905.0151319503784, "_step": 1, "Time elapsed (s)": 2903.9273810386658, "_wandb": {"runtime": 2907}}