{"Diff LL-LL-rounded": 0.0, "_timestamp": 1708762618.364676, "_runtime": 139.4480230808258, "_step": 1507, "Comparison": 2563.4202517507943, "Hamming Distance": 42, "num_e": 389, "_wandb": {"runtime": 138}}