{"ll-score": -4535.025278407148, "_timestamp": 1701354086.814382, "_runtime": 160.065279006958, "_step": 128, "curr_score": -3205.483098285227, "Current Score - Real Score": 378.2741759555556, "Hamming Distance": 107, "best_score": -3205.483098285227, "Best Score - Real Score": 378.2741759555556, "_wandb": {"runtime": 160}}