{"seed": 999, "_timestamp": 1708781436.9102988, "_runtime": 24.401286840438843, "_step": 49, "Diff LL-LL-rounded": 308.1278336364958, "Comparison": 3361.7930632295192, "Hamming Distance": 11, "Time elapsed (s)": 0.3575398921966553, "_wandb": {"runtime": 22}}