{"Time elapsed (s)": 0.17543911933898926, "_timestamp": 1702041752.894649, "_runtime": 0.9667811393737793, "_step": 0, "_wandb": {"runtime": 2}}